time,reading_1,reading_2,reading_3,reading_4,reading_5,reading_6
1,10.85066167,10.01964812,20.15516953,20.87776326,10.04102436,12.94680491
2,10.59574274,10.80853745,20.87205928,20.10878476,10.17112379,10.32845991
3,10.07333239,10.48054819,20.02722103,20.46039852,10.35664339,13.93976121
4,10.90152952,10.21132138,20.57671781,20.21359487,10.95080441,10.69124238
5,10.54842036,10.4896714,20.52216801,20.46600626,10.96211298,12.25315864
6,10.91777303,10.83693593,20.08912373,20.5310863,10.99492804,11.41765829
7,10.03516668,10.77052937,20.83562168,20.44589919,10.98943786,12.18551439
8,10.95152756,10.17844049,20.68733648,20.82144226,10.33594586,11.33979033
9,10.23699309,10.66663095,20.22791569,20.37801427,10.45783037,13.72908209
10,10.94191237,10.83388113,20.55155113,20.30738541,10.54777607,11.64491954
11,10.75141952,10.5708756,20.57742353,20.43246325,10.6134924,13.84910132
12,10.48798536,10.54358618,20.0920868,20.83578334,10.14348452,11.42011689
13,10.51879406,10.59048837,20.62018305,20.09224826,10.61846184,13.36081324
14,10.93560856,10.78276834,20.90144207,20.80723489,10.52554785,11.19020253
15,10.70421918,10.84705011,20.80797848,20.73090057,10.3556437,12.95378016
16,10.82468809,10.0035406,20.03455516,20.20710991,10.17188551,10.32006038
17,10.5182031,10.34376954,20.74872794,20.47766265,10.8294889,13.11618259
18,10.48949477,10.32930102,20.48938745,20.11196045,10.97793382,10.97084924
19,10.02111481,10.67761306,20.10034958,20.05610484,10.85674696,12.56747865
20,10.98967913,10.02722358,20.98768027,20.09983589,10.61093731,10.45569657
21,10.02734636,10.74282302,20.29327167,20.51631563,10.4841031,13.61146185
22,10.90020692,10.0616485,20.43462567,20.8497981,10.75453216,10.37089596
23,10.96714073,10.93055767,20.96189494,20.73756662,10.93310497,13.55349582
24,10.98752907,10.8606486,20.35441923,20.93793586,10.02460116,10.35894768
25,10.44250712,10.86679832,20.22942626,20.82658922,10.26500707,13.9676885
26,10.18643262,10.22382932,20.40669078,20.11606773,10.18670901,11.17518103
27,10.30662133,10.55725841,20.52574056,20.39236816,10.35032021,13.40318365
28,10.88008794,10.93428441,20.92444589,20.68427961,10.97732914,11.07257625
29,10.61044942,10.25256788,20.7897032,20.7011002,10.40347085,12.70149375
30,10.34660227,10.06698967,20.5035938,20.31471246,10.23688762,11.05242293
31,10.98759973,10.49778132,20.86803689,20.5829121,10.96384491,12.60612745
32,10.04733306,10.59112266,20.07984815,20.29883779,10.19813634,11.22519452
33,10.5438271,10.16611215,20.58151535,20.21428057,10.15184206,13.75214642
34,10.90639279,10.28923361,20.29310329,20.4470844,10.92603647,10.32514903
35,10.87520978,10.64003548,20.71846399,20.61163896,10.22685332,12.15842935
36,10.26312138,10.76310277,20.65892613,20.72692687,10.48811987,10.16580229
37,10.52234547,10.36484044,20.08028765,20.04705393,10.11678553,13.1292419
38,10.20136899,10.00304212,20.48567865,20.37314922,10.14345842,10.45554465
39,10.80886107,10.74164976,20.25778963,20.24706856,10.5119803,13.12175555
40,10.76131408,10.02212994,20.06920683,20.58498817,10.98114737,10.19189523
41,10.59287702,10.70983011,20.76562383,20.9302962,10.75919627,13.60451747
42,10.42340329,10.64589693,20.11844788,20.58145338,10.70742929,11.9712178
43,10.63225729,10.36385021,20.6320018,20.04746465,10.10615778,12.52400643
44,10.75486514,10.64047624,20.17508725,20.43880249,10.14079946,11.92452726
45,10.86847883,10.50901535,20.8100833,20.54317418,10.0409143,13.04715217
46,10.03863268,10.62438299,20.79558306,20.59831952,10.68129909,10.49723832
47,10.14803405,10.91870769,20.74959485,20.03652746,10.99012045,12.58693267
48,10.27444244,10.10596312,20.92088508,20.55593528,10.53435571,10.74859431
49,10.90853586,10.3404926,20.22652534,20.16019101,10.04373924,12.12026648
50,10.93560344,10.96909628,20.3270516,20.70300095,10.84878586,11.41937165
51,10.52181706,11.03933527,21.92354479,21.14001281,10.52316523,13.50554782
52,10.80920761,11.17892758,21.79442583,21.29853069,10.77985323,10.70908066
53,10.56957295,10.40731525,21.4962072,21.97118722,10.59231636,13.29264054
54,10.27118102,10.55596849,21.79478667,21.04856121,10.16871119,10.56557286
55,10.2207515,10.72025818,21.88658116,21.52947384,10.78143806,12.83431886
56,10.34959218,10.39416658,21.14829567,21.14789972,10.58369509,10.83019546
57,10.79516333,10.34830744,21.15142744,21.46175672,10.64420221,12.73502827
58,10.52492179,11.02948338,21.69393218,21.65509533,10.97589413,11.2870446
59,10.73407051,10.82583709,21.26530021,21.17437492,10.34453127,12.38696924
60,10.22862377,10.43767568,21.63106168,21.70712993,10.47473538,11.05645139
61,10.67728178,10.47905254,22.94734887,22.14881171,10.02380958,13.76208157
62,10.78358559,10.50510611,22.39390285,22.30939771,10.67104342,10.58298876
63,10.35898385,11.35580262,22.62094389,22.16600453,10.18293354,12.10077278
64,10.11114365,10.98435875,22.379386,22.45137358,10.26213725,10.89241875
65,10.17415616,11.26508586,22.61964614,22.31349775,10.11135442,13.56866428
66,10.04022366,10.61020929,22.61731232,22.67486464,10.57356617,10.99132256
67,10.57049459,10.82215895,22.42183832,22.75264567,10.35048895,13.99722021
68,10.12409576,10.92319075,22.72697661,22.26541548,10.39056911,10.57233116
69,10.46261748,11.35875766,22.81269195,22.70640595,10.41539374,12.21672148
70,10.62792686,10.77496334,22.89618836,22.12976664,10.53824567,11.58531709
71,10.16223741,10.93593917,23.22460361,23.21388226,10.35078429,13.97848629
72,10.5096449,11.03539917,23.29133144,23.36023827,10.23112901,10.25720052
73,10.96233912,11.1684849,23.88836232,23.96212364,10.57013926,12.61549734
74,10.40360585,11.11193032,23.17512971,23.99251421,10.86178183,11.66367074
75,10.14727465,10.8548247,23.5403244,23.12849283,10.49158549,13.36904021
76,10.77896673,11.57355516,23.33930739,23.368385,10.27672537,11.58706602
77,10.0076818,11.58053225,23.39792085,23.73614333,10.23887078,12.00416719
78,10.74258726,11.01361759,23.49393226,23.88645142,10.70490325,10.81698353
79,10.44674049,11.41810243,23.51681296,23.13683335,10.27544949,13.64615286
80,10.22184444,11.76183102,23.28447648,23.89900836,10.07301665,10.34130044
81,10.77419992,11.21002002,24.64054108,24.75180295,10.7929918,12.41223998
82,10.1369787,11.76046099,24.22631006,24.32479611,10.83887175,10.65616537
83,10.03998007,10.91324984,24.38565792,24.20299631,10.66710808,13.54260766
84,10.37456637,11.27322202,24.07954298,24.37113796,10.72604406,10.47964233
85,10.21973101,11.48104624,24.65690275,24.7577345,10.61363382,13.66108892
86,10.85075788,11.61970846,24.84168973,24.68171232,10.60416317,11.32273776
87,10.63877716,10.83921794,24.43831286,24.10987727,10.40293165,13.81247297
88,10.39634929,11.09066039,24.08762917,24.17660788,10.75248101,11.61961708
89,10.01008097,11.7361118,24.9249226,24.50214588,10.50536401,12.09210026
90,10.38688148,11.51530434,24.96259233,24.13122618,10.6955412,11.80614987
91,10.5653643,11.57313728,25.17481348,24.66169527,10.22579584,13.28472544
92,10.45101136,11.19429669,25.17373614,24.77524109,10.16080376,10.50073061
93,10.32920674,11.27919954,24.86002355,24.62514541,10.94611783,12.63695357
94,10.27574032,11.77447561,25.42096149,25.1368475,10.30185798,11.36108578
95,10.83508307,11.84722018,24.53476759,25.28922116,10.10149497,13.37613442
96,10.47004133,10.98697236,24.53947725,24.7266718,10.55237084,10.92406365
97,10.73069938,11.2052945,25.20084712,25.37326227,10.1152863,13.58126929
98,10.50085668,11.63509036,24.99146878,24.78072824,10.1426842,10.24986841
99,10.5642015,11.82526927,25.33645275,24.9698871,10.3226974,13.42809649
100,10.50626564,11.25283668,25.29799475,25.47253613,20.4860011,11.56979397
101,10.45814018,11.81551327,25.52448938,25.58685237,20.0978529,12.19890457
102,10.37628977,11.527981,25.0420804,25.92882499,20.49421072,11.65285942
103,10.58424604,11.39563421,25.9703708,25.19911424,20.736293,12.60284866
104,10.3740695,11.83263032,25.11040606,25.96699283,20.70217565,11.39912654
105,10.78321223,11.62401424,25.44847156,25.95203703,20.07019604,12.58705438
106,10.08584591,11.31922534,25.53741792,25.61239739,20.44286505,11.34287873
107,10.46170039,11.0922835,25.16301474,25.48176956,20.45969108,12.49567434
108,10.50570729,11.57705389,25.67671848,25.50051057,20.03835808,11.81292281
109,10.23419331,11.83284581,25.06270413,25.04186712,20.1414503,12.62073144
110,10.33164213,11.42243306,25.52773385,25.48888595,20.92472351,11.10433185
111,10.58394862,11.51120221,25.69741381,25.67096553,20.1883689,12.71003691
112,10.80605891,11.80461587,25.82966748,25.40522407,20.58918726,11.51992034
113,10.90678698,11.45640713,25.35196044,25.9566822,20.45824208,12.95232947
114,10.92536635,11.17088835,25.24245197,25.06025929,20.44003872,11.53765494
115,10.75994237,11.51928282,25.50099404,25.88200417,20.1657369,12.39224222
116,10.09369641,11.75963889,25.45287349,25.26651267,20.89334684,11.87356204
117,10.57298113,11.098021,25.73953474,25.3230635,20.95542249,12.89092505
118,10.03724134,11.03592597,25.79457945,25.14697847,20.93763927,11.21467538
119,10.92423756,11.59518856,25.40200369,25.9800209,20.70773414,12.33975994
120,10.76962926,11.74686479,25.19843768,25.74292878,20.46536582,11.73316809
121,10.11075871,11.71728359,25.2854409,25.18833461,20.25320228,12.19496335
122,10.39290862,11.96782758,25.96113293,25.2882005,20.78735669,11.69350819
123,10.3682052,11.89470993,25.34093453,25.87713147,20.58650819,12.50573356
124,10.59280494,11.4032973,25.29290841,25.24211295,20.25562014,11.12460378
125,10.07126485,12.46373871,25.93922947,25.32463592,20.4092677,12.80335235
126,10.16223683,11.74089288,25.20987631,25.11374992,20.24348147,11.64787379
127,10.61552509,11.70155529,25.86898163,25.30221925,20.46381594,12.63024654
128,10.92810679,12.17036944,25.86063771,25.77089557,20.70576675,11.60708141
129,10.49695079,12.35938966,25.70086632,25.33763849,20.55865652,12.90542485
130,10.22575571,12.10189677,25.03439341,25.17628686,20.32314595,11.2072467
131,10.79301706,12.4475738,25.55864285,25.45752568,20.94065691,12.31899695
132,10.44455933,12.92491402,25.42708752,25.92522517,20.1131665,11.41507291
133,10.23274223,12.16440336,25.86187239,25.44345949,20.58321802,12.82724287
134,10.16543361,12.98346564,25.84680527,25.29981202,20.36322782,11.47183726
135,10.44802621,12.38513675,25.62712873,25.14472364,20.7206628,12.08424568
136,10.15669835,12.98068372,25.12161633,25.32485113,20.02982999,11.42317445
137,10.29591827,12.33121979,25.36597045,25.3973193,20.07294707,12.22756036
138,10.37065501,12.52011187,25.75028806,25.94206583,20.19355773,11.73532158
139,10.51840813,12.30617926,25.3399566,25.11288289,20.95165829,12.66642436
140,10.19639282,12.4741658,25.31092971,25.67356082,20.90162879,11.60249782
141,10.26517266,12.32825108,25.69082806,25.27670454,20.41914808,12.83365043
142,10.84198226,12.83986062,25.70528826,25.12315223,20.8526861,11.41428344
143,10.23688735,12.98913328,25.66132134,25.37613364,20.64725885,12.03429493
144,10.18129306,12.39163148,25.84462076,25.07922525,20.1526906,11.53433661
145,10.91532854,12.98391139,25.36291096,25.70346445,20.3743336,12.23779786
146,10.37076753,12.14934757,25.94981437,25.62703876,20.49636707,11.51899891
147,10.71503565,12.60543561,25.178634,25.9558296,20.96593918,12.60597666
148,10.71374828,12.62617027,25.95287545,25.79256005,20.20300859,11.12760022
149,10.80528358,12.80008492,25.91586625,25.52129426,20.01036982,12.01617426
150,10.89867467,13.08534722,25.50906845,25.76973944,20.16783026,11.48991187
151,10.47874516,12.7020345,24.39711679,24.81021056,20.98121041,12.1277747
152,10.25577986,13.3955178,24.33949802,24.26908786,20.27063993,11.1516392
153,10.75387736,13.19789635,24.33088919,24.37969851,20.14034309,12.58084172
154,10.2802139,13.73212249,24.66103076,24.18886212,20.55934648,11.25927824
155,10.89935555,13.03282749,24.2867332,24.31537668,20.50029948,12.2720309
156,10.74443431,13.42504084,24.9718776,24.94845966,20.99784768,11.94884418
157,10.09128471,13.79263491,24.12266135,24.05398953,20.01829656,12.2903658
158,10.90742327,13.02507228,24.41074493,24.10263395,20.39151979,11.28281434
159,10.64627932,13.96895704,24.37897967,24.42779683,20.73783347,12.72851768
160,10.40907386,13.8735612,24.26737778,24.37446045,20.41121509,11.59250802
161,10.30467507,13.41041921,23.58374589,23.5389485,20.01297918,12.74075279
162,10.62844014,13.45697327,23.53550721,23.54321959,20.94597092,11.25890832
163,10.79739832,13.79531028,23.03551832,23.637584,20.91001567,12.32722797
164,10.73073935,13.73090988,23.46313729,23.11923121,20.79588543,11.27663628
165,10.51712268,13.10153619,23.43376522,23.80000764,20.63764671,12.78863796
166,10.92938158,13.1368855,23.65183459,23.73946308,20.48972481,11.64790366
167,10.56516015,13.63849915,23.30867448,23.84181527,20.01055684,12.6582115
168,10.26591837,13.76030709,23.92546434,23.55035182,20.17281336,11.60379419
169,10.14776535,13.47960808,23.12293412,23.5427933,20.73066194,12.50962428
170,10.30874923,13.54000671,23.64175109,23.91663097,20.03208334,11.88899201
171,10.84745112,13.90679579,22.9686017,22.57290342,20.03828257,12.85843455
172,10.42739495,13.75748845,22.46525278,22.13219985,20.39012007,11.32545622
173,10.92999956,13.27072011,22.68194721,22.65850615,20.45417746,12.31993796
174,10.82748291,14.17126519,22.35707499,22.18876912,20.73837579,11.91657103
175,10.61515068,13.86429759,22.53954684,22.62748568,20.47876349,12.82813374
176,10.40891963,13.72179432,22.42849871,22.25876199,20.76420595,11.49762213
177,10.53012335,13.8292488,22.79407784,22.75554036,20.31681523,12.77962533
178,10.86698265,14.53541744,22.19435234,22.23365935,20.97513503,11.24857247
179,10.72107075,14.53097292,22.49514145,22.93316849,20.20567833,12.73028897
180,10.56935743,14.30089047,22.6667086,22.19578747,20.62120158,11.7608529
181,10.85694017,14.87132399,21.73415858,21.30646471,20.20756138,12.67045496
182,10.92514598,14.333857,21.38409247,21.81826229,20.25385302,11.49172676
183,10.63502773,14.66684405,21.18747723,21.60526039,20.73159933,12.37009576
184,10.5352476,14.11907827,21.78851162,21.82301466,20.12944099,11.04358492
185,10.36256993,14.88503997,21.45196173,21.08103069,20.04874887,12.3860166
186,10.352848,14.45763048,21.52483666,21.02809628,20.02802978,11.61967675
187,10.14394814,14.42384304,21.28402616,21.34251103,20.71736212,12.00820259
188,10.65561915,14.45371533,21.37824192,21.24993226,20.47902003,11.06585725
189,10.77700657,14.84210928,21.25058765,21.36499971,20.45750499,12.10419636
190,10.15666941,14.49973823,21.04196179,21.04545641,20.36878975,11.40181689
191,10.40781207,14.20937731,21.38336289,20.57327018,20.82458842,12.00508835
192,10.59958226,14.35406935,20.83624185,20.94145751,20.38315929,11.65441323
193,10.19241951,14.57918975,21.09312903,20.70740499,20.72559942,12.61134815
194,10.18311114,14.32796605,20.65525277,21.03326393,20.25270708,11.67534873
195,10.83316735,14.48447549,21.47752797,21.42453995,20.36028989,12.37626389
196,10.48867693,14.37250526,20.85583278,20.77820055,20.29150375,11.0253836
197,10.1325644,14.39635413,21.29731051,20.50846323,20.04259575,12.36431051
198,10.63859338,14.43986625,21.2641714,20.74050948,20.94967082,11.11744779
199,10.10984153,15.40239755,20.98246582,20.55745878,20.06059647,12.17610122
200,10.76021103,14.64599267,20.61703382,20.39056014,10.1319441,11.08490561
201,7.90248743,15.57534112,20.48873625,20.39524601,10.91382519,12.30470982
202,7.907959139,15.79677344,20.98431438,20.58434915,10.60578012,11.57953492
203,7.173357875,14.94177508,20.74663047,20.39068004,10.37821213,12.38414475
204,7.766659893,15.86048802,20.68303152,20.32509784,10.80575112,11.72499947
205,7.772882591,15.7234894,20.30458087,20.72376323,10.58358982,12.03012359
206,7.505936951,15.15958113,20.70537199,20.11990003,10.1278398,11.90145498
207,7.981421309,15.13181303,20.44908953,20.63572686,10.85157678,12.14702251
208,7.816729055,15.58880326,20.05928814,20.17669541,10.90386456,11.65624231
209,7.101032128,15.28898927,20.81949642,20.17457371,10.31430423,12.10952922
210,7.281825809,15.07662815,20.64976132,20.10311006,10.08445575,11.72720186
211,7.929882755,15.89647113,20.08249391,20.70221469,10.40379704,12.31003418
212,7.02400142,14.95210327,20.77521597,20.16213524,10.64726684,11.89992803
213,7.836623712,15.79562691,20.37575109,20.92601429,10.39845118,12.2315067
214,7.26748259,15.49198241,20.76485344,20.99269784,10.65312886,11.50189448
215,7.654648487,14.95785083,20.31331185,20.46418801,10.37101635,12.28593208
216,7.486024022,15.68251439,20.22859823,20.66877724,10.66527172,11.82995845
217,7.401371266,15.32517114,20.3974791,20.82070684,10.63336273,12.1356823
218,7.651083726,15.12307744,20.84276976,20.97935917,10.47363489,11.89854359
219,7.280353186,15.15021175,20.84440377,20.42177844,10.00637747,12.46086839
220,7.38915317,15.76423262,20.757705,20.36313935,10.06309551,11.56087467
221,7.524389948,15.19420025,20.86331288,20.62843001,10.24025274,12.39087727
222,7.878637547,15.98943416,20.10343221,20.38613277,10.83488057,11.81606763
223,7.281221021,15.25721634,20.06233467,20.75654128,10.09869982,12.17642181
224,7.709342015,15.29114042,20.5878829,20.11924716,10.63253521,11.78496512
225,7.068209802,15.24523586,20.26074808,20.5761416,10.09504901,12.0725723
226,7.305735576,15.35996053,20.62922477,20.00361583,10.89228828,11.5218541
227,7.601517312,15.12982215,20.34968413,20.74728404,10.81155405,12.07006308
228,7.592089885,15.11749052,20.92009674,20.42826566,10.60163115,11.79432885
229,7.709053846,15.17078465,20.60853037,20.25834085,10.73416047,12.42435675
230,7.851681061,15.10000866,20.43279717,20.20097016,10.87152154,11.9337152
231,7.429205882,15.22089924,20.74714304,20.13354888,10.19657176,12.34073978
232,7.97702682,15.53936803,20.40900012,20.58624492,10.28938131,11.82369755
233,7.857558051,15.16987483,20.02839927,20.69513205,10.89881479,12.22176741
234,7.599410904,15.87104797,20.55949622,20.26451109,10.35449177,11.72489336
235,7.924990573,15.18010867,20.99717492,20.58974505,10.56264783,12.33334634
236,7.897211587,15.52183344,20.50631359,20.60310724,10.27887136,11.98563332
237,7.111248317,15.48741967,20.93036762,20.7048566,10.83836808,12.45482525
238,7.395331797,15.96067969,20.25544141,20.62028336,10.25998224,11.69644238
239,7.023419957,15.72573896,20.60599192,20.31586557,10.35226269,12.20971124
240,7.538834616,15.12917371,20.53608261,20.6873568,10.25705421,11.90445012
241,7.360522696,15.99679584,20.39722488,20.29562851,10.99109368,12.03687377
242,7.589172634,15.62152727,20.59797144,20.99221548,10.48471242,11.8417587
243,7.879030704,15.81361783,20.52273548,20.73041825,10.06513229,12.46361984
244,7.429478271,15.7457906,20.38166624,20.71551204,10.30294066,11.80728146
245,7.352264605,15.62316804,20.11960911,20.52298609,10.15396836,12.0907101
246,7.585452341,15.04562573,20.1576426,20.93227783,10.30296266,11.54169159
247,7.691686109,15.20455279,20.11595391,20.01541345,10.51082525,12.05033467
248,7.813653308,15.18971617,20.24231532,20.66702485,10.87840346,11.55262732
249,7.263653098,15.90951659,20.1596627,20.4672166,10.87110518,12.49185343
250,7.513394588,15.79500874,20.67025535,20.08680564,10.54882574,11.72741407
251,10.20721505,15.30383749,21.94971352,21.86902035,10.39375106,12.09802177
252,10.8388029,15.50659313,21.64238088,21.5331826,10.91832276,11.7428301
253,10.5244547,15.22249161,21.73197131,21.47004183,10.80145449,12.49488694
254,10.40560505,15.31564034,21.31428611,21.68334952,10.01668926,11.84584705
255,10.64480896,15.89912631,21.61321436,21.48767994,10.32910906,12.24128304
256,10.67624153,15.83328714,21.18251557,21.81022876,10.67962314,11.51621272
257,10.22828855,15.49994898,21.63276555,21.98648653,10.71475043,12.00979976
258,10.98389827,15.10970735,21.82356085,21.56306844,10.55708403,11.99965355
259,10.61979713,15.31179748,21.79774626,21.11838675,10.67578784,12.3345549
260,10.33170487,15.91610831,21.32505695,21.17509681,10.94971761,11.70324126
261,10.00386329,15.59392106,22.45832389,22.32481809,10.03619153,12.20744257
262,10.1032174,15.68188808,22.45585964,22.37255939,10.35491065,11.60056567
263,10.01907838,15.35913727,22.16152405,22.96092397,10.46042596,12.01756229
264,10.08223265,15.32838716,22.50243772,22.45585537,10.53245279,11.59269328
265,10.49807892,15.12609147,22.73988797,22.68629827,10.68531917,12.15048007
266,10.97494588,15.97138717,22.38958069,22.47097177,10.37968746,11.95973851
267,10.14186432,15.76332826,22.59983003,22.53843574,10.27517845,12.39113258
268,10.7387175,15.13799103,22.80009174,22.76684059,10.00050288,11.7655675
269,10.98178447,15.29755703,22.18269068,22.27897223,10.209937,12.28338331
270,10.22680031,15.10392385,22.64831567,22.60117984,10.50400557,11.79198712
271,10.04651499,15.96909821,23.13984069,23.0941145,10.54789679,12.13992042
272,10.33107387,15.55232378,23.04076889,23.61276407,10.18675833,11.85006185
273,10.55882358,15.75536644,23.73385229,23.46168745,10.24717455,12.12504265
274,10.29572076,15.4429076,23.37217509,23.24086805,10.20111783,11.62640498
275,10.49606627,15.66771828,23.35182422,23.36915244,10.5373685,12.34154425
276,10.24886766,15.57603325,23.55534331,23.65929697,10.08874982,11.66572462
277,10.47478841,15.45047338,23.37183515,23.01929022,10.27927663,12.20695144
278,10.64251092,15.04891473,23.16137564,23.80190099,10.63595643,11.79584227
279,10.05830749,15.76910884,23.12943575,23.92784871,10.20481501,12.41098138
280,10.4868396,15.1496511,23.94130001,23.08480735,10.8005492,11.9462202
281,10.58423122,15.83207111,24.4050961,24.26768888,10.641834,12.20174444
282,10.99369659,15.76837716,24.09146253,24.76815057,10.17747892,11.73503298
283,10.68393191,15.1051603,24.26264179,24.56835974,10.07256181,12.33046263
284,10.68636249,15.38157147,24.79230514,24.97294957,10.52494643,11.76650789
285,10.85617896,15.30942448,24.20895387,24.0903238,10.56374813,12.20309138
286,10.11001891,15.39051806,24.90821667,24.92352294,10.88582437,11.74019558
287,10.30262481,15.43734863,24.38848502,24.14518494,10.09169568,12.17913468
288,10.84612387,15.72884312,24.20092078,24.39109011,10.04989375,11.89301503
289,10.86818426,15.21394165,24.33647792,24.40538695,10.46084667,12.35020941
290,10.68400355,15.45599458,24.35050628,24.94614669,10.09511802,11.96337173
291,10.92486061,15.89592353,25.25361211,24.54418964,10.10673801,12.33432622
292,10.02369344,15.71026366,24.88085806,24.56228338,10.50860621,11.88326933
293,10.6318314,15.76118698,24.51199292,24.94026034,10.18619625,12.08315007
294,10.17460237,15.29798766,24.7153832,25.41646876,10.34446791,11.94856133
295,10.4160267,15.18563773,24.58807963,24.94527815,10.13744758,12.28016886
296,10.97368911,15.31001638,25.28750612,24.74825897,10.02909361,11.73202688
297,10.97306246,14.89306464,25.20372251,25.33457194,10.50121357,12.4373359
298,10.81375636,15.51199995,25.00584802,24.90850907,10.73735415,11.61206409
299,10.70855749,15.47777226,24.54606774,25.29371909,10.00088437,12.09973598
300,10.68965056,14.49716879,24.89033497,25.1811737,30.9634233,11.76312878
301,10.33903241,15.29936981,25.67117135,25.9110078,30.0632522,12.23080612
302,10.61298371,14.70991725,25.06018272,25.0293425,30.83840736,12
303,10.73813904,14.44061012,25.46095952,25.47655709,30.30862278,12
304,10.11409908,14.88053086,25.07380147,25.68291433,30.62282239,12
305,10.19123736,14.41895148,25.3255673,25.99277946,30.86659825,12
306,10.29024809,14.62351107,25.74295631,25.01444952,30.833105,12
307,10.46187037,14.62787466,25.96493399,25.56318507,30.89466263,12
308,10.02273122,14.30610245,25.79315601,25.69141054,30.28946314,12
309,10.01787784,14.86361135,25.68748473,25.36293288,30.08014327,12
310,10.54832945,14.96130031,25.921886,25.25227041,30.16782323,12
311,10.62882179,14.37386339,25.86349903,25.46259952,30.8432365,12
312,10.32588778,14.74219416,25.9579127,25.99297151,30.61227532,12
313,10.20819525,14.95785628,25.298011,25.78034315,30.82270005,12
314,10.05513005,14.26241729,25.81329725,25.00682663,30.14233847,12
315,10.31580713,14.17712301,25.2003455,25.80645933,30.62655355,12
316,10.7382043,14.03903172,25.44594228,25.67719492,30.18644266,12
317,10.31312892,14.84971314,25.16002403,25.1190654,30.39110227,12
318,10.96285365,14.08890863,25.92961079,25.31361065,30.86117741,12
319,10.18700283,14.52775288,25.01704988,25.11899737,30.50068587,12
320,10.39666054,14.14425413,25.91242958,25.57462904,30.17376052,12
321,10.19584745,14.00938082,25.31052374,25.43348678,30.21138106,12
322,10.79338378,14.63924939,25.87972774,25.99457271,30.44339345,12
323,10.54030729,12.81651949,25.1556387,25.98860504,30.31260474,12
324,10.0807738,12.95814001,25.45810916,25.45900148,30.14364217,12
325,10.94827671,14.33514711,25.8574091,25.71486822,30.93013353,12
326,10.00308158,13.62080147,25.42596467,25.11691986,30.75412241,12
327,10.73310856,13.85333521,25.83864438,25.52492538,30.10492633,12
328,10.58571155,13.71808767,25.54529787,25.44750053,30.39468946,12
329,10.70925014,13.42214636,25.39900801,25.41192199,30.94796895,12
330,10.75662383,13.7615143,25.50405482,25.1755649,30.0261805,12
331,10.81133193,13.23352427,25.40482969,25.96723097,30.21655624,12
332,10.08111976,13.02932285,25.96042791,25.82408111,30.53652589,12
333,10.41002969,13.58795938,25.95240499,25.16190728,30.85005409,12
334,10.85484313,13.56723234,25.33946717,25.79395932,30.14942331,12
335,10.1137968,13.81073833,25.85570541,25.71155866,30.0867073,12
336,10.29727241,13.57798696,25.73889192,25.01242946,30.60377029,12
337,10.66183488,13.57515167,25.39340756,25.02657762,30.98863219,12
338,10.71075962,13.14370959,25.6294281,25.24966184,30.41997085,12
339,10.86166309,13.77890815,25.84710907,25.4329899,30.67517862,12
340,10.30143381,13.31565288,25.26767994,25.27607016,30.63110032,12
341,10.98860219,13.76070089,25.70906636,25.20555535,30.04639817,12
342,10.54898398,13.03187397,25.58062423,25.18281565,30.42163779,12
343,10.5346327,13.9071565,25.29087466,25.85436963,30.67303926,12
344,10.97257193,13.49753597,25.21064759,25.67507464,30.51649065,12
345,10.39838123,13.09730308,25.23055368,25.2893333,30.10980285,12
346,10.3553427,13.25702973,25.35250633,25.02273254,30.51456561,12
347,10.47277635,12.83082557,25.39298452,25.19922039,30.80747026,12
348,10.52109047,12.66997253,25.74258233,25.54381631,30.41569593,12
349,10.73007283,12.66541124,25.28534389,25.9797945,30.59231347,12
350,10.34719544,12.4310986,25.37855233,25.32358368,30.95893556,12
351,12.23018843,12.67926677,24.66823351,24.7229667,30.30254584,13.09562966
352,12.81850414,12.81145091,24.89860163,24.38156868,30.55344101,10.05115267
353,12.44553243,12.78394788,24.59956273,24.42318831,30.46104605,13.93145127
354,12.93026532,12.05866831,24.77132815,24.58504468,30.77377574,11.68687943
355,12.05004847,12.49512706,24.06236595,24.66899054,30.21622287,12.84871461
356,12.20865476,12.48913164,24.06128938,24.69849332,30.97937092,10.46789375
357,12.28410457,12.46693037,24.73401234,24.77019664,30.03062371,13.22710904
358,12.02124001,12.27230539,24.49458188,24.87006354,30.42505374,11.705501
359,12.10907097,12.65783585,24.06766706,24.29446874,30.52087663,12.16361603
360,12.32666977,12.73838978,24.04291133,24.5994421,30.09707083,10.10323609
361,12.46522969,12.95572633,23.00193615,23.14440875,30.82363549,12.41670312
362,12.97750733,12.60219698,23.19996237,23.49485927,30.73551856,10.21108733
363,12.86226959,12.11796224,23.63333462,23.81887377,30.98452966,12.06755244
364,12.42293716,12.91835883,23.88341176,23.7892218,30.11999891,11.5235257
365,12.34311962,12.39715043,23.22752752,23.63514282,30.40153549,13.88069971
366,12.49985697,12.45143994,23.50180282,23.45304628,30.49116101,10.96666369
367,12.03521523,12.07426974,23.61822671,23.04245478,30.46695942,13.00317913
368,12.58079715,12.90158752,23.74822822,23.2225813,30.18325573,11.47985123
369,12.56811805,12.58157073,23.38653037,23.7497966,30.56044054,12.3617471
370,12.91110695,12.48790779,23.39907062,23,30.11292436,10.26965187
371,12.92030332,12.7265455,26.514551,23,30.93200573,12.80833345
372,12.5517079,11.90401989,26.04817625,23,30.23245686,11.42616022
373,12.28122035,12.52018383,26.18901887,23,30.14490218,12.86985015
374,12.01058842,12.07299169,26.11413671,23,30.51156605,10.75655959
375,12.39049272,12.41176096,26.34977514,23,30.09453357,13.57768669
376,12.4415155,12.26142355,26.67791688,23,30.40400285,11.48691144
377,12.22416822,11.71827161,26.91316325,23,30.72446245,13.62427951
378,12.68515212,12.05041372,26.29806272,23,30.9710866,10.41012456
379,12.18370146,11.54732357,26.96794937,23,30.54745234,12.80945666
380,12.44517054,11.74328867,26.08012792,23,30.32567494,10.76354861
381,10.50096874,11.53005412,27.95684764,23,30.17835907,12.2691938
382,10.13556755,11.52154785,27.35041914,23,30.18708823,10.03671557
383,10.40215069,11.83032043,27.13572273,23,30.28932592,12.61012318
384,10.08397436,11.02582313,27.06907232,23,30.48607889,11.78656702
385,10.16626662,11.43976597,27.35853323,23,30.63472194,12.15820634
386,10.23262508,11.56974717,27.7030125,23,30.4491751,10.07743282
387,10.23891145,11.50958654,27.64275222,23,30.61773078,12.15626981
388,10.58616613,11.99439782,27.68675853,23,30.62662068,11.9322307
389,10.08116112,11.2367658,27.46114086,23,30.20241991,12.36137186
390,10.88459344,11.43062382,27.38423725,23,30.97512714,10.35288944
391,10.88925312,11.32610085,28.23193236,23,30.10003546,13.23077354
392,10.17306913,11.55385818,28.00633554,23,30.82440813,10.86306717
393,10.56323872,11.78839609,28.68629655,23,30.54930743,12.42961177
394,10.48110585,11.81560033,28.52160598,23,30.19095383,11.84610392
395,10.3953364,11.3078717,28.50384274,23,30.09480443,12.38529222
396,10.21298331,11.41111878,28.72852252,23,30.23167419,10.56840129
397,10.62373088,10.90499931,28.83091214,23,30.41450027,12.74494344
398,10.88048667,10.92702791,28.46225004,23,30.17884097,10.5262643
399,10.61241817,11.07343933,28.55944657,23,30.3705218,13.05686732
400,10.89193215,10.23870938,28.68702567,23,10.14744727,10.42303537
401,10.02149745,10.21442713,25.62719923,23,10.99929167,13.89594403
402,10.07407046,10.62244849,25.82300811,23,10.06284743,10.79465827
403,10.79836374,10.67739866,25.64092625,23,10.9579157,12.10930561
404,10.48349971,10.47285188,25.74953315,23,10.53297638,11.87505608
405,10.93069494,10.00833559,25.49891527,23,10.98385825,13.35346716
406,10.04404683,10.22983072,25.15001318,23,10.27875666,11.44440701
407,10.43609349,10.38506922,25.5160923,23,10.19657543,13.24594751
408,10.14501798,10.24398919,25.59516748,23,10.5207416,11.03869594
409,10.94678787,10.20241139,25.48371579,23,10.73984872,13.56941057
410,10.7649404,10.50195719,25.4999012,23,10.08739145,11.20732813
411,10.09654885,10.94019922,22.49738991,23,10.92353227,13.08552226
412,10.73012155,10.27975418,22.82258112,23,10.32735257,10.48824634
413,10.80626289,10.8951605,22.23559753,23,10.92571463,13.70743681
414,10.08005074,10.34856871,22.89480257,23,10.05978678,11.58511421
415,10.81625678,10.04311324,22.75361848,23,10.29778646,12.53965166
416,10.91687917,10.01900201,22.05104076,23,10.79671862,10.13736717
417,10.44021445,10.23703281,22.77819743,23,10.7632995,13.77500588
418,10.57204761,10.44151702,22.31660511,23,10.42370047,11.04857801
419,10.5971644,10.43282567,22.82907072,23,10.56944682,12.24291972
420,10.74985601,10.77902216,22.03337711,23,10.02020316,10.78110253
421,10.21558856,10.82170311,22.67737319,23,10.76006256,13.74716037
422,10.70068504,10.54623937,18.87219208,23,10.55080417,10.43235888
423,10.28560258,10.29678988,18.15284246,23,10.75948747,13.56228383
424,10.33348287,10.47114071,18.24416064,23,10.84457331,10.39675907
425,10.93415808,10.65372522,18.73441738,23,10.8392098,12.55022878
426,10.46145625,10.69056344,18.15604634,23,10.43376857,10.52214928
427,10.6096928,10.0174092,18.19067614,23,10.72563355,13.86514905
428,10.71820016,10.36043589,18.69070296,23,10.19262517,11.04124157
429,10.0740072,10.34256202,18.35654169,23,10.28784449,12.63897345
430,10.45322473,10.19658022,18.32878335,23,10.93446265,10.16437765
431,10.85404399,10.70697357,18.99150928,23,10.1248415,12.81091395
432,10.67950483,10.62916347,16.22984774,23,10.18843644,11.06373033
433,10.52045294,10.75551069,16.97421439,23,10.22227866,13.83712353
434,10.76383583,10.73009377,16.58226578,23,10.7619348,10.8512815
435,10.14477101,10.27609539,16.41096066,23,10.8421969,12.55291102
436,10.92779132,10.42807439,16.84926402,23,10.16037031,11.36279803
437,10.35649213,10.70180074,16.16778479,23,10.43563572,12.41350915
438,10.5380893,10.59290485,16.91775909,23,10.38578272,10.1012107
439,10.13215181,10.71379935,16.80709313,23,10.1458028,12.96143774
440,10.4528085,10.49881854,16.43151884,23,10.92309255,10.8549192
441,10.71531846,10.84142743,20.68463087,23,10.81887678,12.79729784
442,10.70144865,10.63295112,20.36681873,23,10.61543826,11.99560822
443,10.35648199,10.7542994,20.351743,23,10.14658976,12.45779086
444,10.76401534,10.35673241,20.99802239,23,10.63791461,10.31474499
445,10.56539668,10.23133956,20.59304048,23,10.6573003,13.5337925
446,10.00810447,10.12037053,20.66812676,23,10.40805924,10.20892996
447,10.45378241,10.90582442,20.79466552,23,10.95684344,13.80487161
448,10.84480723,10.25090055,20.59066651,23,10.79557373,10.94859234
449,10.87506733,10.33429401,20.60400612,23,10.58984108,12.0290893
450,10.97526752,11.05043198,20.81889631,23,10.30432372,10.60186615
451,10.83663016,10.33197561,24.75973028,23,10.95895227,12.25091447
452,10.96164358,10.64328122,24.96630819,23,10.10030118,11.77077903
453,10.71635959,10.04567653,24.21110297,23,10.9869147,12.34717346
454,10.67376995,10.86142167,24.36726917,23,10.6225708,11.58143524
455,10.43739823,10.37863589,24.3527901,23,10.56355784,12.37484772
456,10.95059416,10.8814267,24.44818139,23,10.21992475,11.71508725
457,10.80989279,10.67837549,24.29204702,23,10.26128761,12.18077178
458,10.85783163,10.74172975,24.43811213,23,10.06404179,11.59471287
459,10.83345669,10.39759438,24.48323805,23,10.27799462,12.48184011
460,10.12899289,10.44278692,24.83530719,23,10.93501733,11.6305444
461,10.70160503,10.53595925,28.41746556,23,10.140532,12.11914175
462,10.64312891,10.7528096,28.20064423,23,10.34127725,11.66057145
463,10.82176004,10.76135702,28.47761782,23,10.39463436,12.15590724
464,10.59043907,10.29168442,28.56188302,23,10.91618411,11.58138832
465,10.82715972,10.38360581,28.6446432,23,10.03271497,12.3850072
466,10.07950104,10.48709659,28.11277644,23,10.33359847,11.50565695
467,10.99403806,10.65202837,28.91835823,23,10.15493963,12.02376493
468,10.6066924,10.0331618,28.87316853,23,10.14079312,11.51116255
469,10.39951577,10.67427835,28.3552703,23,10.42218194,12.06914315
470,10.26062067,10.63863979,28.37191763,23,10.57997706,11.89358666
471,10.8124495,10.52518565,32.09091905,23.90052045,10.31512955,12.11525204
472,10.72299426,10.97888117,32.58488919,23.96430147,10.62941194,11.77063599
473,10.15944504,10.04257531,32.25158293,23.16712289,10.21430168,12.48381553
474,10.98961008,10.01350779,32.57004557,23.75299237,10.81591545,11.77732274
475,10.88175455,10.89037667,32.50050425,23.44923864,10.42286219,12.19069721
476,10.964666,10.4800319,32.16341022,23.53655186,10.95014707,11.69150292
477,10.54025528,10.70502031,32.28005802,23.96434261,10.19709445,12.08191376
478,10.24398616,10.21097806,32.19323082,23.04494362,10.42723036,11.89508458
479,10.54146542,10.25835569,32.21167715,23.92043915,10.20444311,12.3949468
480,10.89883458,10.88921206,32.77945248,23.1231489,10.78652591,11.84448755
481,10.52561424,10.55621617,32.20599777,24.35815401,10.47006603,12.15920583
482,10.6846807,10.10209557,32.48353087,24.50288486,10.27828199,11.92386524
483,10.53638295,10.0990558,32.89938307,24.83089357,10.81125204,12.19439942
484,10.96821938,10.17459307,32.63747912,24.98163012,10.84822608,11.62515412
485,10.3056674,10.73776352,32.17336882,24.02274249,10.25971498,12.3747084
486,10.78509662,10.27859301,32.77300509,24.1961923,10.93771688,11.97083562
487,10.56236191,10.96301607,32.07154137,24.30930915,10.71934696,12.41375791
488,10.44595505,10.94687117,32.85928206,24.47824396,10.24403499,11.58556068
489,10.08889517,10.53624789,32.0153385,24.40294357,10.16559661,12.39913375
490,10.96052704,10.85152073,32.74340115,24.38161525,10.90253215,11.62670488
491,10.47978543,10.73777672,31.9833617,25.48299145,10.13466122,12.10036181
492,10.46767072,10.22714818,30.1582684,24.67292758,10.12878455,11.89766168
493,10.59388666,10.42149179,29.52530715,25.49314074,10.08987855,12.47064011
494,10.67761675,10.88406358,28.45130538,24.77177127,10.52596816,11.70677031
495,10.84550764,10.89286367,28.11280332,24.52132986,10.24985284,12.47212729
496,10.90081435,10.50417353,28.60872027,24.78184848,10.83595531,11.87001268
497,10.45865963,10.90553195,27.6278701,25.22663631,10.59509561,12.05724453
498,10.23327869,10.31599878,27.96178311,24.59975853,10.41723598,11.78481725
499,10.90398088,10.40992091,27.0849485,24.72312592,10.72420998,12.33252961
500,10.21078417,10.88820689,26.00317885,25.39638264,40.32632578,11.64015585
501,10.92745688,10.99282212,26.49337274,25.46516498,40.29057374,12.40566217
502,10.40688944,10.54362643,25.54818335,25.48518671,40.75613623,11.75295868
503,10.90548663,10.60507372,25.87905822,25.2977037,40.60033998,12.36375665
504,10.59990212,10.98509095,24.76272004,25.89849687,40.63198873,11.61480821
505,10.69903597,10.48065157,24.83893572,25.13011065,40.44931732,12.22462043
506,11.25972521,11.13546722,23.70313576,25.6407953,40.47308443,11.85175087
507,11.11113803,10.36017918,23.49112496,25.5413793,40.04830284,12.13440059
508,10.99732794,10.29182086,22.8488348,25.62311112,40.91528493,11.68321135
509,11.56496292,10.6681001,22.80082973,25.65673557,40.38182826,12.44403471
510,11.50992399,11.03397193,22.72581893,25.4316326,40.05051999,11.57471961
511,10.95607089,10.47825176,20.52175811,25.26416929,40.3043019,12.41329436
512,11.4745588,11.28275628,20.5730708,25.03269225,40.696408,11.68044924
513,11.66752294,11.11589706,19.21091519,25.48637784,40.0558912,12.36288795
514,10.6449463,11.17154466,18.66999329,25.35565557,40.39868693,11.82399627
515,10.35426809,10.85124312,18.18143539,25.5856181,40.13939253,12.15094339
516,10.36740531,10.61338495,18.05257746,25.02647045,40.20923816,11.93707973
517,10.42735744,11.18885051,17.82734084,25.19917834,40.28384353,12.16183467
518,10.80099739,10.69989211,18.25613762,25.77506161,40.18681328,11.75881805
519,10.67904052,10.92528903,17.78702829,25.85381596,40.8795962,12.27709986
520,10.95888736,11.23310977,17.88374771,25.13378296,40.38262249,11.73517888
521,10.59242243,11.1880519,17.45380814,25.06579559,40.96119995,12.0880667
522,10.22728076,11.58035377,17.29746759,25.69227471,40.79042923,11.72028457
523,10.7302926,11.23079677,17.93388856,25.32394742,40.27117579,12.31969885
524,10.59717952,11.40990652,17.66712127,25.16716409,40.58356649,11.66253331
525,10.72180396,10.61332796,17.84421248,25.09477627,40.39838665,12.40732093
526,10.14384182,10.98798384,17.31973011,25.43832621,40.85435735,11.58574598
527,10.07864199,10.72538526,17.92648523,25.4347553,40.63365577,12.29642251
528,10.89652516,11.29017129,17.33347949,25.91496129,40.80552658,11.74455492
529,10.28598733,11.41023237,17.00248024,25.27902248,40.36866331,12.29165302
530,10.71435368,11.48140477,17.78262356,25.05487092,40.94169582,11.53799728
531,10.3477729,11.62810394,18.49154616,25.59757441,40.26890387,12.37337375
532,10.62229921,11.46185729,18.78621973,25.23626073,40.35089419,11.71586041
533,10.85393411,11.08569113,19.41624732,25.78433821,40.27217687,12.40472616
534,10.41512604,11.3669337,19.54622987,25.84535451,40.38262542,11.62233676
535,10.9231289,11.54877125,20.71665505,25.79596384,40.16769954,12.47532951
536,10.7942159,11.5114619,20.99990591,25.60851987,40.49698686,11.64428215
537,10.78061201,10.8319279,21.72535271,25.74688545,40.73502256,12.49872386
538,10.41915424,11.15529915,21.7189418,25.42327921,40.72617706,11.99056075
539,10.96683561,11.17990059,22.11187325,25.78704016,40.10631091,12.34678023
540,10.7421525,11.57252451,22.37057747,25.51247713,40.12256274,11.88798204
541,10.90934358,11.18999264,23.39693085,25.01992864,40.9832759,12.06118229
542,10.29877422,11.22792328,23.47858252,25.06698538,40.13614951,11.76065202
543,10.16842556,11.81272882,23.9203382,25.20355003,40.19051069,12.29297736
544,10.20759056,11.4462366,23.68034358,25.00238957,40.38007642,11.99219769
545,10.9737744,11.17412235,24.36354149,25.31571886,40.12926606,12.02375554
546,10.80996481,11.6570721,24.58621663,25.2835597,40.71780775,11.74171145
547,10.18629963,11.88035118,24.91008544,25.61775763,40.27155357,12.11961679
548,10.57026067,11.64782613,24.68233661,25.48733751,40.51115755,11.8371517
549,10.85547909,11.34942493,24.16703806,25.28350397,40.57333282,12.13398943
550,10.65865157,11.86958972,24.57585292,25.99628352,40.38570773,11.7919014
551,10.01376003,11.6777736,24.23200418,24.4462389,40.20664724,12.41279903
552,10.82314959,11.52805912,24.68032032,24.59753264,40.23320264,11
553,10.32736571,11.60852745,24.62774054,24.80117927,40.53157799,11
554,10.54244757,11.91369767,24.89744577,24.9210212,40.96560044,11
555,10.17019128,11.97036383,24.73958795,24.21700771,40.97122185,11
556,10.23280876,11.80502194,25.28536904,24.62162074,40.24864793,11
557,10.67924657,11.98351312,25.05560638,24.11543046,40.59656176,11
558,10.09578367,11.29929952,24.78918246,24.20557264,40.75088551,11
559,10.43287278,11.26303467,25.19283569,24.11994938,40.03739131,11
560,10.15760948,11.88272998,25.60284925,24.28290161,40.2051453,11
561,10.25777226,11.49853857,24.13875774,23.49348418,40.80370282,11
562,10.89286229,11.01226784,24.73038325,23.7845852,40.48465183,11
563,10.10412368,11.28949689,24.99940175,23.70608578,40.20143089,11
564,10.83173331,11.97917141,24.20689784,23.4540144,40.21903358,11
565,10.44479498,11.21419816,24.292518,23.5306057,40.31481267,11
566,10.39233398,11.06097745,24.20629074,23.50082356,40.75931144,11
567,10.96323865,11.97098124,23.35042319,23.87137454,40.61226521,11
568,10.40550721,11.21459492,23.17892585,23.79756985,40.82363453,11
569,10.23567407,11.61070815,23.56586647,23.26597668,40.16814965,11
570,10.63433441,11.11744942,23.26373139,23.82698013,40.63692554,11
571,10.1187987,11.94935972,23.31352448,22.9527851,40.49080473,11
572,10.06062827,11.92094414,22.80134941,22.48754687,40.06970584,11
573,10.93281751,12.27027887,22.71002926,22.49067927,40.0371475,11
574,10.60575776,12.35955947,22.68141464,22.14620157,40.05054712,11
575,10.33133929,11.63658575,22.74484838,22.94653684,40.75960574,11
576,10.93119383,12.3741301,22.33920161,22.03101285,40.82660047,11
577,10.59219572,12.55143646,22.50161466,22.22676895,40.45152454,11
578,10.9318641,12.62283404,22.53001553,22.29831528,40.9774509,11
579,10.43718015,11.95793517,22.02025869,22.04493305,40.36738547,11
580,10.36140698,12.39104239,22.7165869,22.23969927,40.18421493,11
581,10.59981875,12.61392184,21.02639414,21.68952822,40.90741695,11
582,10.53978048,12.60564908,21.11440331,21.58579643,40.36847442,11
583,10.02645831,12.91455641,21.12446124,21.06180532,40.50870245,11
584,10.77965356,12.57746011,21.27206542,21.54017794,40.65129263,11
585,10.29449336,12.59546304,21.41925422,21.80386587,40.97530203,11
586,10.16430444,12.12208717,21.2686066,21.9078061,40.47862994,11
587,10.88822829,12.77477103,21.9481915,21.72111104,40.87985479,11
588,10.83532089,12.90086442,21.76625022,21.49851605,40.69578303,11
589,10.5208223,12.09734894,21.29428262,21.99748395,40.47997564,11
590,10.87119335,12.13132139,21.60196765,21.35953426,40.712672,11
591,10.57291752,12.24905641,21.35981664,20.69333743,40.5093371,11
592,10.33996708,12.71774692,20.84134165,20.95988656,40.27115206,11
593,10.43197038,12.87491994,20.84298079,20.64041632,40.54053503,11
594,10.36139127,12.6847202,21.30138428,21.19722739,40.97723888,11
595,10.74356471,12.07230072,20.82679882,21.22793969,40.65195077,11
596,10.45928834,12.24006791,21.21300159,20.76463108,40.8709233,11
597,10.99840981,12.21090767,20.77740655,20.91661853,40.45088074,11
598,10.42583582,12.90949228,20.84474831,21.32716228,40.22571901,11
599,10.70512441,13.2415372,21.19031187,21.30279632,40.54530105,11
600,10.34715744,13.1202789,20.35914619,20.37697332,10.37454587,11
601,10.78370576,12.70339251,20.49730781,20.69330955,10.85010726,11
602,9.920539418,13.01814718,20.26481315,20.11182317,10.86952745,11.34922619
603,10.65458453,13.38556967,20.04181991,20.45559654,10.73634482,10.55670253
604,10.49810056,12.85160786,20.33915272,20.12757183,10.86923587,11.40924489
605,9.992986449,13.4800899,20.47556382,20.40910837,10.16188898,10.60617476
606,10.04836838,13.54178212,20.93025214,20.14646533,10.06119019,11.47809593
607,10.33325453,13.82201425,20.62141664,20.45863431,10.34347737,10.80925347
608,10.68536665,13.62285094,20.95992016,20.07695501,10.90572583,11.33867371
609,10.30535102,13.1114511,20.5399385,20.48902295,10.43953726,10.86797621
610,10.73923371,13.66250311,20.80178,20.68500536,10.69642705,11.24602947
611,10.62269098,13.30982427,20.032314,20.55304335,10.74520038,10.71597987
612,10.53142129,13.96346078,20.24332469,20.97585356,10.13544712,11.25455686
613,10.23688577,13.02732974,20.22446935,20.97884905,10.00978486,10.71103759
614,9.710960612,13.96097158,20.14270551,20.31251557,10.10707071,11.42589157
615,9.964575318,13.15998304,20.76528608,20.16065506,10.16759229,10.83849169
616,10.03039918,13.54917993,20.71910555,20.29827092,10.83969669,11.1063774
617,9.703755423,13.21300543,20.15533087,20.62161582,10.32579224,10.95798443
618,10.0895153,13.51137062,20.76641363,20.16900612,10.89969919,11.26575544
619,10.68440722,13.04319174,20.7048178,20.97810628,10.72422072,10.68527532
620,10.69090103,13.58037532,20.83785139,20.17377689,10.04376695,11.29922604
621,10.36379657,13.59588449,20.34954274,20.4627867,10.57899779,10.78748076
622,10.14077238,13.63334742,20.92752745,20.31994507,10.04385834,11.09028167
623,10.43010245,13.20783558,20.76574351,20.46245053,10.28346569,10.93987944
624,10.03753257,13.97656585,20.83566137,20.41454366,10.92962012,11.15687936
625,9.944572653,13.90687475,20.76492606,20.2560854,10.80014553,10.96990722
626,9.884602268,12.71938657,20.06579715,20.47351854,10.9616583,11.46384919
627,10.17109384,12.05149319,20.61151234,20.34799791,10.67525663,10.93513644
628,10.44348532,13.72578051,20.21304427,20.0057952,10.46402334,11.13862151
629,9.776416266,14.65981973,20.31483811,20.24213397,10.77087536,10.87192044
630,10.50166262,14.00050289,20.79692125,20.83455518,10.38001058,11.2546565
631,10.24047658,13.96971691,20.947375,20.21093166,10.78528346,10.88414401
632,9.842920303,14.93799758,20.50526704,20.98415697,10.66275687,11.02185965
633,10.07423249,14.52836668,20.20208942,20.73724973,10.48514469,10.60114315
634,9.659715196,14.01128504,20.0735056,20.72441551,10.77229835,11.00673473
635,10.18898976,14.20247327,20.06148797,20.9626466,10.74013759,10.74510364
636,9.713145993,14.08297727,20.27929395,20.99317043,10.71949176,11.436924
637,10.35019579,14.92853681,20.51541699,20.13390851,10.0600124,10.78928201
638,9.502710846,14.79010188,20.29495526,20.322189,10.37171571,11.2701057
639,9.78023084,14.73533363,20.76815465,20.81813954,10.06864034,10.70534117
640,10.47301264,14.80161118,20.6376493,20.49015921,10.48373327,11.23254091
641,10.10488479,14.42981212,20.38228998,20.30795074,10.30495999,10.67714931
642,9.406056959,14.65731003,20.10942653,20.10433477,10.88894798,11.38913914
643,10.39338496,14.69012404,20.52392294,20.1763223,10.00524455,10.58170297
644,10.35344331,14.57201917,20.15803729,20.39816364,10.56713314,11.36015602
645,10.2462486,14.13682683,20.55489286,20.36835107,10.24348435,10.63955217
646,10.007411,14.6386971,20.73426641,20.8016137,10.18263731,11.23037117
647,9.646313687,14.69533665,20.05693193,20.61679464,10.17321967,10.91711712
648,9.748704616,15.04882677,20.97263851,20.27417374,10.56868008,11.13918233
649,10.05486078,15.33475239,20.00039415,20.54879673,10.79202754,10.86858146
650,9.695221689,15.21382558,20.10259178,20.80840963,10.03780476,11.1505679
651,9.950138902,14.92935412,21.23778308,21.31451629,10.36316682,10.6095087
652,10.176783,15.36620987,21.00273968,21.83018814,10.45215056,11.22234785
653,10.22971348,15.77915719,21.292323,21.78299044,10.33112254,10.93024661
654,10.19413444,15.8535551,21.41040192,21.47994383,10.88722904,11.11585257
655,9.979107159,15.32418971,21.85746845,21.28114062,10.15069546,10.55265757
656,9.530652407,15.54455211,21.71346365,21.53630076,10.26814182,11.22187341
657,10.00068538,15.07761378,21.03678804,21.62028645,10.67736551,10.57757814
658,10.23666864,14.96302319,21.54878467,21.7045179,10.04955015,11.27459662
659,9.467644506,15.47380808,21.76437177,21.89260525,10.71142838,10.52339445
660,10.07415262,15.29314901,21.49855411,21.82636646,10.39060209,11.18050473
661,10.05801485,15.87140852,22.17228052,22.90320399,10.02652371,10.70414278
662,9.95372208,15.73341659,22.1023399,22.97055105,10.86716646,11.26743835
663,9.610723252,15.77699846,22.04691586,22.3757232,10.18883261,10.62368739
664,9.79428075,15.83920106,22.99075043,22.88116429,10.84881082,11.06059528
665,10.08036572,15.12625261,22.14878676,22.04136631,10.12226499,10.8840703
666,9.749175216,15.22679825,22.53393554,22.4790891,10.22085828,11.04713402
667,9.959509974,15.39231107,22.68499126,22.56539478,10.87643941,10.6741749
668,10.02213307,15.4931404,22.95837262,22.08018949,10.55018931,11.21641156
669,9.430856736,14.97152794,22.18932256,22.17323978,10.30230335,10.81420997
670,10.06014191,15.89029854,22.87716705,22.73681141,10.9835574,11.00077729
671,9.717937075,15.60817596,23.72793408,23.15751937,10.26152991,10.76211616
672,9.597842113,15.26523345,23.01528306,23.31510991,10.4318712,11.44233772
673,9.439672305,15.90570996,23.92032803,23.34972108,10.58419187,10.82186574
674,10.04178026,15.4473119,23.69864597,23.65421717,10.6414517,11.48533247
675,9.419223269,15.2274761,23.0612488,23.81575198,10.56120387,10.72810773
676,9.727337765,15.78623401,23.97312824,23.51909048,10.2131008,11.13277051
677,9.552111717,15.28178747,23.2734818,23.44895228,10.66371392,10.74158609
678,10.12864417,15.05591939,23.16675344,23.11244732,10.62116006,11.1926565
679,10.19867135,15.1555233,23.62576436,23.35672357,10.29781089,10.77523253
680,9.903382879,15.3157628,23.54518586,23.4110643,10.75307784,11.3949995
681,10.90274362,15.65496953,24.82589657,24.45838058,10.55478082,10.52687901
682,10.99430193,15.7900321,24.23824734,24.85270907,10.35920473,11.39207677
683,10.65522102,15.05573783,24.83045867,24.92163026,10.40240138,10.7725332
684,10.48726652,15.01402641,24.5756946,24.09373894,10.38529829,11.10579331
685,10.32986712,15.50537312,24.35970238,24.71744327,10.72340136,10.82129724
686,10.9742934,15.64117929,24.91309951,24.66805158,10.69354448,11.13508683
687,10.91608678,15.80398534,24.13287302,24.0274746,10.22514557,10.91075828
688,10.56249364,15.58383557,24.03236185,24.40907952,10.21746716,11.39407325
689,10.98774646,15.03095764,24.53361923,24.31439823,10.4081295,10.65198751
690,10.85524898,15.9996226,24.35137429,24.75953152,10.5621235,11.40006597
691,10.94616531,15.0002196,25.31838212,25.0568119,10.73387171,10.86581899
692,10.78691209,15.15640455,24.7356163,24.77212571,10.78279821,11.47918586
693,10.22264079,15.78369021,25.10780618,25.01525786,10.10251093,10.80597971
694,10.50090445,15.85299432,24.73729591,24.66461115,10.34007511,11.35619513
695,10.79495711,15.98996939,24.76999803,25.36997891,10.77821692,10.97352258
696,10.83841594,15.10380064,24.88120282,24.78843928,10.55093823,11.16884097
697,10.80588256,15.99429509,25.22725663,24.87738597,10.2256873,10.8082686
698,10.98038383,15.52460497,24.81983027,24.89700881,10.8874621,11.00584843
699,10.21734506,15.66901326,24.87352493,25.32190898,10.12675535,10.94507087
700,10.31010264,15.37591105,25.04499069,24.73399549,50.77698758,11.21983794
701,10.86981977,15.32354257,25.90751769,25.39865812,50.47845268,11.41130331
702,10.61367129,15.15371533,25.04640216,25.37009528,50.76333023,10.89367159
703,10.04265162,15.39988008,25.91450392,25.93364738,50.35288086,11.62730298
704,10.49697562,15.13530615,25.16427249,25.07439453,50.69201282,10.49112846
705,10.92844908,15.11850913,25.51536652,25.34889837,50.70256079,11.35583833
706,10.91666907,15.65426615,25.67739193,25.36874925,50.40210836,10.70223473
707,10.50218784,15.60174031,25.52374575,25.8676068,50.80440832,11.17109858
708,10.02133394,15.9715227,25.34155236,25.22922098,50.82418733,10.81670128
709,10.51896582,15.12200693,25.04646355,25.58781149,50.74753669,11.91919122
710,10.70893426,15.31072933,25.55809533,25.65825437,50.68351761,10.41191866
711,10.46299177,15.17811163,25.52207805,25.73653486,50.04260611,11.22708483
712,10.20831039,15.68062706,25.93623326,25.24606216,50.92775965,10.51605409
713,10.49998506,15.54978941,25.27230804,25.23722744,50.79538848,11.4093831
714,10.79215656,15.44433871,25.88707285,25.76129843,50.62150427,10.86532073
715,10.5229738,15.91484425,25.54096451,25.92192472,50.02728261,11.30548238
716,10.54236178,15.95778436,25.64344497,25.0504793,50.84827534,10.60716944
717,10.22973947,15.37210485,25.32251973,25.64532112,50.79629444,11.11030741
718,10.39580683,15.33948908,25.53643313,25.44400117,50.41255619,10.7138295
719,10.87318605,15.97762993,25.52462778,25.40592627,50.28711116,11.28450466
720,10.94763039,15.23726035,25.29165061,25.73337791,50.78611729,10.56632159
721,10.93955808,15.62177559,25.18189535,25.40660467,50.44133395,11.93520606
722,10.50775428,15.42095235,25.42143114,25.3842036,50.43364149,10.40681148
723,10.06886575,15.02926946,25.61981908,25.67697629,50.41060819,11.74014544
724,10.37867778,15.43736645,25.56266468,25.28957972,50.62498909,10.40444944
725,10.88510208,15.3965383,25.9710141,25.15074832,50.86948007,11.6540242
726,10.43192926,15.31203806,25.47636371,25.82832406,50.74115002,10.55928909
727,10.43436064,15.15780988,25.55531111,25.99891773,50.70621976,11.85886352
728,10.71918722,15.32872931,25.77155764,25.94874221,50.81491841,10.34250365
729,10.59772859,15.74572823,25.16421264,25.99218485,50.76860754,11.35804835
730,10.11649046,15.07630953,25.0688332,25.00268583,50.43754055,10.45061331
731,10.42996462,15.56474916,25.72428068,25.94695387,50.8254155,11.35293685
732,10.9728885,15.46489203,25.98542575,25.97117757,50.39992811,10.098696
733,10.70450123,15.73824201,25.12691653,25.11281828,50.41972746,11.4538541
734,10.59420988,15.29404902,25.57066876,25.34977411,50.71535592,10.62376667
735,10.49332356,14.47238449,25.057328,25.32918065,50.30329356,11.83089807
736,10.82263172,14.991443,25.09998584,25.85837217,50.23622695,10.40852109
737,10.62794001,14.84010077,25.25349279,25.76092276,50.29268739,11.98114158
738,10.1004642,14.62300658,25.55855969,25.4731396,50.16498741,10.25742981
739,10.84641878,14.65515555,25.3703341,25.89073927,50.65649956,11.987097
740,10.68958145,14.92303344,25.05311813,25.52952795,50.46799629,10.36151399
741,10.12561299,14.42045603,25.47070319,25.15353611,50.56273252,11.45703358
742,10.75136279,14.86454155,25.45367311,25.85321238,50.48052314,10.91046082
743,10.98547519,14.84084381,25.62551545,25.07726176,50.08713855,11.80742725
744,10.10664333,14.70190087,25.35090779,25.50429601,50.98357957,10.43975134
745,10.1504154,14.9095984,25.30059325,25.27601401,50.44699243,11.58556236
746,10.95262017,14.54217819,25.78957864,25.32917751,50.3228967,10.78298624
747,10.43851434,14.13998667,25.39179455,25.98395027,50.15634469,11.25534071
748,10.59100553,14.40644005,25.16656091,25.33788387,50.29993515,10.45460113
749,10.21307534,14.14827453,25.05287863,25.22695454,50.20185124,11.4040696
750,10.68581129,14.41378522,25.85884122,25.61174615,50.43599231,10.63770921
751,10.02587358,14.67562341,24.45189215,24.14015851,50.14789269,11.91026406
752,10.29017019,14.58053947,24.16423703,24.5304289,50.59902229,10.51539599
753,10.85823477,14.60028409,24.94042524,24.65646686,50.31960199,11.14852022
754,10.9767984,14.68695003,24.72321726,24.87138992,50.83893007,10.88875334
755,10.62585782,14.61909876,24.60822163,24.46597854,50.43653739,11.8491154
756,10.36401391,14.49292999,24.09484589,24.77531753,50.98432455,10.05457928
757,10.35007358,14.25822548,24.79880704,24.26168357,50.79202209,11.05496179
758,10.40013733,14.29199177,24.53296443,24.99670416,50.06721737,10.39702653
759,10.44301695,14.16737092,24.17536275,24.8423929,50.14161417,11.97334748
760,10.2473005,14.13915099,24.201396,24.47995436,50.33686328,10.32160874
761,10.78897269,14.04799731,23.82183713,23.38873078,50.19233431,11.24002561
762,10.794268,14.85763795,23.81974186,23.93421809,50.24300544,10.30561753
763,10.56394266,14.64519447,23.74134024,23.94112012,50.18295043,11.94210786
764,10.10789607,14.88083755,23.75641569,23.06865218,50.07112928,10.85420282
765,10.64575039,14.72701005,23.97275661,23.24301277,50.35464233,11.52084062
766,10.11622647,14.83847503,23.67300972,23.78403448,50.42723209,10.23528541
767,10.40293861,14.61304829,23.38589613,23.88606901,50.68112023,11.78025722
768,10.60805521,14.71388939,23.59510938,23.7971956,50.36423484,10.77463436
769,10.9955978,14.94550382,23.19964613,23.11107584,50.29829057,11.45013638
770,10.43721756,14.98591452,23.92907725,23.46415636,50.33328857,10.13313865
771,10.19108433,14.61890568,22.32300976,22.45395328,50.77957806,11.86511538
772,10.79833552,14.76785248,22.84492429,22.09989685,50.73755024,10.28167281
773,10.55793582,13.73628969,22.09114457,22.6956349,50.46564777,11.71578521
774,10.24101315,13.6548607,22.85830553,22.29017214,50.99410389,10.9368428
775,10.77374594,13.83892829,22.9704316,22.61613318,50.18812859,11.93632433
776,10.26563502,14.13335793,22.82030981,22.79097956,50.53199144,10.14625325
777,10.10097166,13.8057849,22.66175561,22.76880482,50.19025953,11.03849756
778,10.2785749,13.61302734,22.69205485,22.20748697,50.52131566,10.48636352
779,10.47792241,13.22646203,22.11058571,22.26530761,50.34301869,11.68352737
780,10.88403148,13.94892942,22.00203474,22.82861322,50.31881182,10.93595761
781,10.11097257,13.71509739,21.62599286,21.58727408,50.30055023,11.81581405
782,10.08227214,13.46505165,21.03936514,21.1220812,50.87451371,10.48685581
783,10.53928384,13.84530954,21.40717247,21.11550189,50.59313958,11.82274226
784,10.97619121,13.48525915,21.72252907,21.55384064,50.17255327,10.12727505
785,10.22352992,13.17179267,21.90701486,21.15588361,50.85643044,11.73405956
786,10.16991197,13.78019203,21.46928173,21.42428256,50.09712371,10.53068542
787,10.50055897,13.7066565,21.00635159,21.47749349,50.1210068,11.67268321
788,10.56254007,13.32769782,21.79784093,21.60221765,50.19953051,10.72787629
789,10.20715072,13.25202843,21.60348068,21.2737218,50.32753598,11.34567497
790,10.40113888,13.03194097,21.43476826,21.86589831,50.2029299,10.16304626
791,10.5392157,13.06126585,21.12655878,20.51031963,50.2363904,11.98183466
792,10.81614153,13.34452113,21.18812877,20.56327481,50.62807556,10.85164712
793,10.6805054,13.01141893,21.38825916,20.93466179,50.52033727,11.10629454
794,10.2322519,13.07175216,20.65460134,21.24963472,50.55359718,10.55444887
795,10.71791412,13.1171091,20.71286693,21.06391953,50.78133213,11.50688899
796,10.79867526,13.55687289,20.65729971,20.66212168,50.95808348,10.70103597
797,10.59126532,13.69456154,21.12858873,21.20565103,50.17659059,11.1153043
798,10.66092177,13.14309462,20.92828974,21.14445944,50.82815515,10.3856001
799,10.80167226,12.72500625,20.7547612,21.18217068,50.12254464,11.68224828
800,10.73430632,13.37399394,20.87072125,20.33848812,40.44141379,10.77457498
801,10.76136711,12.32729548,20.00542295,20.16675192,40.83916637,11.80746478
802,10.74996917,12.94797298,20.6742538,20.38439239,40.62081321,10.64852425
803,10.25376545,13.04981434,20.66231255,20.25732513,40.47529671,12.88089032
804,10.52772849,12.62018066,20.14011543,20.84442194,40.05178774,9.894143646
805,10.86387744,12.42686368,20.12468489,20.31967894,40.52256951,11.3472866
806,10.55148812,12.92764108,20.54859122,20.50589159,40.18760097,10.58897548
807,10.37146514,12.60287194,20.55284179,20.36821034,40.77109114,11.096627
808,10.90343477,12.55153258,20.86849334,20.70541729,40.30446969,10.2673387
809,10.33936083,12.94574877,20.89962329,20.26368271,40.56069217,11.40689308
810,10.539862,12.23958688,20.88397569,20.51757218,40.64223175,10.86834784
811,10.45877505,12.64042612,20.97271125,20.48536335,40.97084354,11.56494609
812,10.71346945,12.58579899,20.20013072,20.53938122,40.04797559,10.03547572
813,10.67343662,12.22267387,20.27150669,20.4248047,40.12210397,12.22396589
814,10.31841897,12.80633392,20.95185474,20.0825257,40.35469876,9.983818109
815,10.08568542,12.29592449,20.21624662,20.43743958,40.93037344,12.76012928
816,10.09926507,12.15304781,20.8828216,20.32843831,40.91883498,10.50280314
817,10.77685496,12.26582997,20.27150778,20.61203634,40.34116292,11.86988403
818,10.56773453,12.82729426,20.97873665,20.19400848,40.0286793,9.495795971
819,10.05475536,12.47361217,20.77754289,20.85359617,40.75453345,12.03278579
820,10.31857457,12.55421977,20.67696967,20.12307818,40.99131028,10.33628969
821,10.86686691,12.64338946,20.10769339,20.26471338,40.83105346,12.7400108
822,10.8434735,12.31203268,20.29907115,20.6629371,40.84259396,9.759456133
823,10.17094715,12.30266777,20.15686546,20.0411957,40.24291788,12.04790227
824,10.67029326,12.68248777,20.27514963,20.77497979,40.17557384,9.269085874
825,10.97873487,11.89495188,20.52758493,20.6166724,40.5949932,12.18132972
826,10.53558782,12.25874161,20.74831111,20.5587236,40.13505537,10.53141039
827,10.80091446,11.786194,20.57874233,20.89671984,40.7981656,11.02465462
828,10.09535169,12.23259637,20.03317542,20.7378661,40.79564337,10.67412504
829,10.84078669,11.46926305,20.4861732,20.11191982,40.51325538,11.49879719
830,10.22642876,11.76162536,20.55104653,20.45909373,40.2076159,10.47720602
831,10.42484098,11.05828605,20.67477664,20.7470019,40.78153782,12.12806158
832,10.40664322,11.234932,20.92061174,20.58028797,40.89602071,9.854502131
833,10.08596677,11.25019797,20.56022329,20.66952118,40.53447425,12.41317355
834,10.72717816,11.57934431,20.24128017,20.14011265,40.09702855,10.35490534
835,10.2105867,11.40273393,20.20746994,20.54440725,40.44609299,11.10953761
836,10.23165568,11.06628079,20.31489137,20.98618123,40.73830183,9.773088946
837,10.2228381,11.65883103,20.20379816,20.09170851,40.9576195,12.34921448
838,10.70496875,14.41002501,20.92263583,20.73314326,40.5906513,9.17634027
839,10.3187324,14.10162697,20.16076802,20.72343169,40.34870404,12.71916802
840,10.19281559,11.07892866,20.69642082,20.43038324,40.98456154,10.86569011
841,10.61978545,11.09913249,20.2602022,20.8162376,40.64317817,11.06835725
842,10.56030519,11.05300129,20.10668643,20.20351766,40.18954874,9.342859456
843,10.52779996,11.79670065,20.30223582,20.9165813,40.98114282,12.99054281
844,10.22857894,11.0355226,20.45532251,20.63238016,40.42194313,10.27505271
845,10.02197296,11.79450534,20.57498013,20.92666777,40.81487643,12.65765053
846,10.38994728,11.14871189,20.65689034,20.06730206,40.34339871,10.81608346
847,10.51374889,10.94188869,20.24170065,20.45349373,40.76636533,12.47815806
848,10.91269397,10.700093,20.04175531,20.41448481,40.25068623,10.22927041
849,10.88217657,10.99484092,20.67919851,20.27089319,40.7118656,12.34474082
850,10.46916048,10.36186009,20.85019756,20.37496931,40.39957049,10.54589364
851,10.74280571,10.78927826,21.01746238,21.04314983,40.93504418,11.20307108
852,10.91120266,10.42798778,21.39361323,21.29791168,40.12499731,10.64305375
853,10.30395415,10.52942226,21.25823946,21.59009869,40.14953048,12.27173556
854,10.68013278,10.46710444,21.15755589,21.42171858,40.03263281,10.10831694
855,10.98399945,10.47158497,21.94797673,21.55510115,40.38011144,11.02243326
856,10.67517127,10.5869726,21.93461495,21.14122655,40.84955749,10.43059563
857,10.79300489,10.65032417,21.36835566,21.31777683,40.59768068,12.52272658
858,10.64691872,10.06542013,21.43553082,21.42340905,40.60183889,9.461420426
859,10.3500963,10.35263838,21.11671253,21.79041118,40.27919278,11.97082899
860,10.81923238,10.22510574,21.44534764,21.12981389,40.05872481,9.568451719
861,10.39924864,10.04576939,22.88274862,22.16446739,40.60309752,12.80144982
862,10.37406189,10.55600562,22.27995946,22.33118704,40.63084779,9.615102759
863,10.65841872,10.88788327,22.68082378,22.86828942,40.54362545,12.075582
864,10.35361677,10.45174318,22.80654859,22.8020773,40.80506983,10.69736537
865,10.32492027,10.57106273,22.3968086,22.81322426,40.60002477,11.44905543
866,10.26955451,10.73024608,22.70000926,22.61313246,40.08949108,10.19009629
867,10.57004812,10.77562468,22.59401855,22.30530502,40.04255628,12.95295526
868,10.4518327,10.47477928,22.12525464,22.59724914,40.75742707,9.174395563
869,10.27102974,10.33856954,22.88785288,22.70775439,40.51173978,12.80905824
870,10.94206254,10.79670605,22.47808742,22.56550414,40.15353551,9.469210917
871,10.51245807,10.39182816,23.33269226,23.27552414,40.49892144,11.81568179
872,10.23637364,10.66198145,23.25224702,23.45013204,40.85053017,10.94131916
873,10.78742917,10.40719529,23.05414824,23.59970878,40.7155135,11.67351021
874,10.55576148,10.94264772,23.11582664,23.21631498,40.16766029,10.14435436
875,10.6773799,10.92796746,23.04689868,23.49792737,40.31861051,11.95652937
876,10.04566434,10.51392437,23.84348073,23.29747601,40.12688018,10.05643709
877,10.08556127,10.49290236,23.68123116,23.27225503,40.78235575,12.05921914
878,10.97920017,10.76030043,23.23554578,23.50511414,40.62774914,10.54583001
879,10.5801974,10.63349231,23.53681101,23.45273785,40.19729274,11.28261764
880,10.55027294,10.28621554,23.94942408,23.65705729,40.77966089,10.03731466
881,10.89643491,10.28708035,24.73326274,24.64017161,40.32979374,12.21813656
882,10.98582527,10.02204262,24.75167854,24.8029868,40.15831764,10.85531616
883,10.51006333,10.04563686,24.24533507,24.00601137,40.02033116,11.63876936
884,10.75257353,10.00280264,24.96962716,24.85302743,40.80259803,9.506950983
885,10.83426775,10.40846792,24.33397901,24.12345075,40.09300705,12.88119331
886,10.05698428,10.02723927,24.08946194,24.74432163,40.86673159,10.23705972
887,10.41835017,10.88325674,24.44312413,24.15855407,40.51146012,12.69685653
888,10.98116849,10.10574867,24.51525754,24.82302056,40.00393069,9.440595698
889,10.13854121,10.59180183,24.02469616,24.85795153,40.29011632,11.99265954
890,10.72570421,10.58309794,24.21256721,24.03489099,40.70435779,9.017574232
891,10.49980711,10.36766068,25.29308797,25.23374225,40.65843803,11.71593216
892,10.50902227,10.75795875,25.2249904,25.25942865,40.24711708,9.195977557
893,10.99909657,10.58236966,24.9197675,24.95920831,40.97471513,11.43147414
894,10.83533791,10.7735464,25.45552529,25.21989899,40.38552825,10.4892321
895,10.82218465,10.03889375,24.99542122,24.50076954,40.39811678,11.95062199
896,10.02166576,10.88068868,25.39383477,24.60356001,40.90986301,10.10804818
897,10.60462039,10.40982173,24.97050625,25.49401369,40.45579784,11.09827836
898,10.81129693,10.6203026,25.40163331,24.87187535,40.57308077,9.585660327
899,10.92706403,10.47600247,25.02426219,24.65700823,40.2874818,11.30455835
900,10.65217952,10.96078077,24.86152173,24.88826536,30.39245128,9.613769349
901,10.81096425,10.61164878,25.95426034,25.28264984,30.33411984,12.32328074
902,10.45387794,10.80307754,25.64953631,25.50285061,30.39391015,11.65040028
903,10.17622625,10.50838302,25.20628927,25.4186511,30.63202023,12.40500724
904,10.36850617,10.00799706,25.70833589,25.17527576,30.72607852,11.59134509
905,10.01894862,10.7432226,25.92094002,25.95101295,30.72067223,12.0816689
906,10.90727679,10.10488004,25.43950189,25.66934216,30.01240076,11.71189708
907,10.72323772,10.31335551,25.3396491,25.35499983,30.04240424,12.21006112
908,10.73143802,10.8507626,25.20053568,25.2049586,30.20957683,11.85535959
909,10.31794321,10.23829821,25.22767098,25.46735944,30.37886384,12.11344774
910,10.68366286,10.66216863,25.4123472,25.51681126,30.12207423,11.79827581
911,10.38435498,10.14149235,25.6732801,25.73454328,30.15347296,12.40248631
912,10.91541885,10.94601168,25.67490872,25.83591532,30.25539125,11.70359218
913,10.23475577,10.4006451,25.89262826,25.94129891,30.89756421,12.39062812
914,10.61260352,10.6559826,25.95998366,25.25085644,30.68573932,11.97972848
915,10.88207128,10.20780309,25.36786626,25.23223447,30.10550518,12.49107504
916,10.82218804,10.28409296,25.04014729,25.1594118,30.45706945,11.90961031
917,10.21476901,10.12895429,25.10665494,25.04881948,30.86578402,12.49047986
918,10.67644776,10.354347,25.17528968,25.10665445,30.48546105,11.85199275
919,10.86884383,10.10515049,25.76244287,25.56143297,30.03726946,12.1475695
920,10.21677949,10.60926745,25.6213884,25.45979311,30.19629387,11.51563227
921,10.73491704,10.13667903,25.3350498,25.23881373,30.35478851,12.28018971
922,10.17836935,10.28082071,25.07136593,25.3198851,30.12357037,11.69054982
923,10.29076964,10.07380712,25.00454925,25.27462142,30.41200369,12.45883542
924,10.87720995,10.16051503,25.49850793,25.81710999,30.29515309,11.80540613
925,10.74360505,10.01830521,25.87213992,25.40932632,30.01070133,12.21503833
926,10.28508752,10.03147798,25.81506973,25.06051387,30.42119401,11.77527431
927,10.92353388,10.26862001,25.86509197,25.52153609,30.07316058,12.4397647
928,10.53491084,10.30034189,25.48763807,25.7948899,30.22527468,11.61875806
929,10.89205933,10.73265712,25.75748149,25.83219899,30.48568469,12.19697929
930,10.24817716,10.74750973,25.95518169,25.64943237,30.56694224,11.60045657
931,10.08172685,10.23806233,25.39685447,25.26326687,30.61150748,12.38625856
932,10.74021209,10.10128182,25.7695744,25.33223968,30.51979918,11.70176576
933,10.85418058,10.75169107,25.72296928,25.24708932,30.12632289,12.03854744
934,10.45031329,10.09010689,25.53207714,25.01324585,30.65545252,11.78512932
935,10.56168887,10.94857203,25.37112472,25.66873067,30.69537499,12.42716217
936,10.67412776,10.42268856,25.01826765,25.05796826,30.78603691,11.61059905
937,10.52184862,10.05328204,25.40814427,25.82934461,30.90403653,12.4963893
938,10.72612692,10.82824609,25.7844526,25.70726084,30.58283834,11.60684397
939,10.46110819,10.25281456,25.50032124,25.33968565,30.18886523,12.3960618
940,10.80515047,10.2808218,25.87108706,25.861832,30.31792299,11.53653308
941,10.62662493,10.33553697,25.14496118,25.34149586,30.89156782,12.45884232
942,10.54654148,10.60748047,25.34228713,25.63074918,30.85596362,11.88161331
943,10.14692796,10.34183612,25.15975432,25.37574162,30.62738267,12.44105733
944,10.82606382,10.51566749,25.06667212,25.25339095,30.7652516,11.66272026
945,10.64427996,10.446795,25.33857697,25.7403992,30.85077565,12.2396369
946,10.97726768,10.39637622,25.16471814,25.1478543,30.90805338,11.51702838
947,10.33909157,10.47698253,25.72455101,25.88493532,30.61092304,12.375899
948,10.68396889,10.08336174,25.26535609,25.47934493,30.45083673,11.76830311
949,10.28097909,10.61408662,25.36510883,25.12247291,30.83318207,12.46564322
950,10.14396248,10.71236569,25.72398432,25.46415503,30.22809205,11.62346954
951,10.27970795,11.02422247,24.42018326,24.75780357,30.94798382,12.15715251
952,10.69842222,10.2771495,24.84436118,24.90598228,30.03209052,11.98173103
953,10.60065599,10.77078436,24.75104563,24.0568804,30.26916299,12.44025275
954,10.74277437,10.66139571,24.51450165,24.34063553,30.62064508,11.76534872
955,10.21242746,11.09073942,24.39613745,24.90391524,30.46330612,12.03441944
956,10.09297007,10.48853654,24.15108527,24.34253127,30.13708324,11.85705516
957,10.73035984,10.73885178,24.79125462,24.38882025,30.98466673,12.45916019
958,10.48430964,10.52172246,24.45905374,24.48814044,30.0371313,11.96057976
959,10.10539761,11.13719408,24.48541404,24.39598512,30.76484799,12.25925897
960,10.18861731,10.49042779,24.49184317,24.74727826,30.86317139,11.51948127
961,10.30401535,10.43948735,23.29382736,23.35496338,30.03428582,12.02477263
962,10.49862009,11.24793451,23.79213161,23.33721453,30.26282846,11.57451146
963,10.57602767,10.89158216,23.02839479,23.39331943,30.91369873,12.02168922
964,10.57108651,10.46623835,23.18789201,23.66032928,30.53524169,11.78407046
965,10.75385786,10.81966004,23.26840196,23.30820457,30.75712637,12.39609966
966,10.35479791,10.63118712,23.97127686,23.15639988,30.49800415,11.78646049
967,10.87803889,11.0834998,23.4469409,23.40598803,30.91951603,12.40327159
968,10.29240195,10.62124711,23.11059134,23.3024096,30.17717299,11.9137781
969,10.93807343,11.06711687,23.38405856,23.94558022,30.30133198,12.07951618
970,10.43171161,10.63368997,23.20848308,23.38862899,30.18036945,11.51282115
971,10.3655875,11.13040408,22.14451027,22.30086558,30.47659051,12.4458382
972,10.04850401,11.23925953,22.83519168,22.19783951,30.46288983,11.89367249
973,10.08540841,11.20189816,22.86447282,22.34177351,30.11736395,12.46868432
974,10.9260609,11.23858222,22.03722927,22.52800965,30.09839602,11.63337624
975,10.10576865,11.10389742,22.51427345,22.71048568,30.09433315,12.08790467
976,10.95955098,11.51448495,22.47817983,22.47983952,30.76159677,11.51221413
977,10.48913666,11.09353449,22.03957872,22.94940623,30.55500174,12.0454648
978,10.53309896,11.49108254,22.91861155,22.93982242,30.71337257,11.79059931
979,10.71248276,11.10577165,22.92000967,22.06431885,30.6132787,12.42541408
980,10.98196687,11.2023066,22.58886969,22.94508504,30.95302761,11.93025057
981,10.36888101,11.55435575,21.45356413,21.58893113,30.22639891,12.25640536
982,10.02176362,11.21472199,21.81561803,21.44569708,30.49689228,11.53983872
983,10.53026186,11.09762684,21.11187168,21.32718734,30.92180516,12.32552285
984,10.58661779,11.46808675,21.12147004,21.45694663,30.94250761,11.58935949
985,10.01749308,10.8439528,21.03194997,21.434671,30.45680558,12.14445897
986,10.51404938,10.80885961,21.59013084,21.10304963,30.12184748,11.52372164
987,10.53512002,11.26886535,21.95436781,21.73440815,30.92105515,12.15778297
988,10.41558598,11.20196566,21.7415805,21.65873182,30.75998836,11.5856558
989,10.12279355,11.15005467,21.69828589,21.64350959,30.99676144,12.17323088
990,10.30203071,11.7609046,21.35529806,21.27239203,30.33245212,11.56921693
991,10.83680239,11.09998415,21.33735252,20.67009552,30.61669875,12.20286122
992,10.01144822,11.11001206,21.20922169,20.76281002,30.27286356,11.96177697
993,10.06239744,11.89959619,21.3613918,20.74748452,30.04870483,12.05430751
994,10.46546487,10.98018466,21.06598959,20.61990045,30.65543215,11.51651403
995,10.07965764,11.84745699,20.72834895,20.59681014,30.70776935,12.28720766
996,10.11732836,11.28870443,21.06653832,21.06155672,30.43976279,11.66641471
997,10.9967968,11.13462065,20.90718206,20.83177434,30.8176446,12.23578945
998,10.47630603,11.36740829,20.52948927,20.90064321,30.05824341,11.51335584
999,10.23044663,10.9752222,20.6661684,21.06915799,30.97961003,12.35818144
1000,10.83877742,11.47114255,20.06367447,20.2780705,20.12057396,11.67340666
1001,10.72741304,11.96369758,20.90738937,20.63019708,20.64565675,12.34083049
1002,10.61396772,11.51215875,20.46832361,20.63542533,20.26403359,11.87956632
1003,10.17454494,11.89030436,20.63415923,20.25814814,20.51472792,12.30616816
1004,10.5162085,11.48113931,20.48370607,20.04837448,20.39870774,11.65927498
1005,10.63144211,11.26029608,20.51730767,20.82240237,20.84194297,12.46992696
1006,10.71802471,11.81878427,20.67338605,20.41015429,20.08863765,11.5313671
1007,10.09292888,11.70680236,20.36119599,20.07948587,20.97307349,12.08797874
1008,10.61074933,11.22776435,20.66257298,20.92867176,20.71029118,11.78455966
1009,10.45827617,11.85585714,20.52421063,20.5719683,20.15228453,12.09770371
1010,10.79944981,11.80961276,20.13783798,20.00758552,20.32592768,11.98714617
1011,10.53799199,11.87592846,20.35502476,20.84196782,20.90007523,12.19480211
1012,10.63041105,11.92073996,20.41000994,20.04153472,20.74098109,11.64281491
1013,10.74820853,11.25785385,20.50133174,20.58187099,20.89041936,12.4540211
1014,10.75069814,11.33528846,20.6285625,20.80478133,20.29866568,11.82586626
1015,10.81541729,11.83971116,20.95172463,20.00970745,20.57408218,12.29213774
1016,10.64325734,11.94034253,20.05399943,20.53600225,20.4000397,11.64632362
1017,10.26179831,11.89439302,20.79625505,20.63385495,20.20707105,12.23672471
1018,10.03429322,11.95877729,20.46502413,20.70808631,20.37110547,11.70750284
1019,10.72207289,11.39864426,20.24307194,20.57663863,20.00507997,12.02209849
1020,10.33848498,11.2877106,20.76972811,20.25532004,20.10554635,11.73097316
1021,10.5634892,11.18935462,20.34751163,20.75893915,20.92657989,12.10778527
1022,10.37007802,11.31300707,20.93870394,20.40245165,20.48679884,11.51886189
1023,10.64459464,12.09604472,20.37029874,20.58723645,20.59398838,12.44264361
1024,10.47844746,11.59698211,20.82409048,20.54190845,20.76049737,11.7733819
1025,10.00983984,11.99758807,20.91033804,20.90461508,20.1914639,12.18903398
1026,10.26426466,12.39425492,20.89851523,20.28456565,20.98885025,11.98116407
1027,10.96355536,12.65678857,20.58209596,20.27223136,20.2565315,12.05816218
1028,10.21021469,12.02803362,20.66677929,20.91937758,20.51911329,11.7281496
1029,10.16989038,12.08682459,20.79996683,20.62088083,20.41968952,12.16026773
1030,10.5296338,12.14378356,20.2530117,20.97869832,20.39846729,11.94853101
1031,10.40319603,12.68937081,20.64959719,20.94849791,20.34973228,12.36992863
1032,10.72566585,12.46511486,20.34443963,20.63349558,20.45667949,11.9414385
1033,10.11324718,12.93181397,20.84532057,20.99882,20.88689209,12.09328901
1034,10.96005064,12.46761242,20.53873606,20.47770409,20.71349628,11.98117672
1035,10.88254628,12.05939432,20.65926026,20.96708975,20.26652829,12.04465664
1036,10.39189167,12.94416499,20.26450447,20.87444963,20.17747892,11.95388885
1037,10.58735237,12.49820706,20.00564393,20.41416519,20.18152854,12.16672282
1038,10.79787562,12.02239474,20.13612234,20.77880225,20.72779181,11.99560123
1039,10.72477713,12.95084302,20.14167246,20.1687174,20.28350247,12.08387512
1040,10.7816278,12.90570527,20.73770544,20.44401965,20.30038433,11.62893753
1041,10.84130573,12.00483947,20.44120265,20.5341362,20.0720088,12.10704
1042,10.78650482,12.86552355,20.69147145,20.89788374,20.97475485,11.75675792
1043,10.05256401,12.00133619,20.10420676,20.15814189,20.89042153,12.43517585
1044,10.54309036,12.13026877,20.83142365,20.3868938,20.45988046,11.83936988
1045,10.62681587,12.43553224,20.4515225,20.89053717,20.84264334,12.16211596
1046,10.9710082,12.0575292,20.29207352,20.06724407,20.97474567,11.51705645
1047,10.56141736,12.63556454,20.15425631,20.58828872,20.85491647,12.1723043
1048,10.10099009,12.85654714,20.99492298,20.7951887,20.97608176,11.98769314
1049,10.90100016,12.99123497,20.33316192,20.49508416,20.89717615,12.02239733
1050,10.18377834,13.04307804,20.74487692,20.78267975,20.42105831,11.7238748
1051,10.96816014,12.99154459,21.62745565,21.29397096,20.64185293,12.25200172
1052,10.09171376,13.05924698,21.11299262,21.74954799,20.46292602,11.61437012
1053,10.3841571,13.30724032,21.77096367,21.1107056,20.98199781,12.00949679
1054,10.74583461,13.28654255,21.31352174,21.16488037,20.66555368,11.95313484
1055,10.64284385,13.02684718,21.96722374,21.06440721,20.99486588,12.25885368
1056,10.7591997,13.83345167,21.03344047,21.56532916,20.4872383,11.87092527
1057,10.17723077,13.62306123,21.80353484,21.26435976,20.93049763,12.44129495
1058,10.48161924,13.5738657,21.83706268,21.28148677,20.34612119,11.62286322
1059,10.62980098,13.38635477,21.92951859,21.32404438,20.57374631,12.13546173
1060,10.0879053,13.86932442,21.5744364,21.07448132,20.61425322,11.83624143
1061,10.00656372,13.77114022,22.12999137,22.10016639,20.05566493,12.26763264
1062,10.21546052,13.23900946,22.24680761,22.35978927,20.60592629,11.89978018
1063,10.22455131,13.73731906,22.28139158,22.66754368,20.73703268,12.18018939
1064,10.76699831,13.00535898,22.73973909,22.80718995,20.13177309,11.52113786
1065,10.42273609,13.27118582,22.41110775,22.5276438,20.70399607,12.35538886
1066,10.43142071,13.93304218,22.0524171,22.79855059,20.78743172,11.64317698
1067,10.48857191,13.43427982,22.95003289,22.16500595,20.46057194,12.35742675
1068,10.34725521,13.46985323,22.55977951,22.73563005,20.47160155,11.99845466
1069,10.23574343,13.44442992,22.31044317,22.14607223,20.5213676,12.09957787
1070,10.26752697,13.01210836,22.5222686,22.21080717,20.21063719,11.99104517
1071,10.36587827,13.72640227,23.70906897,23.12575914,20.21972961,12.37938087
1072,10.16087703,13.23863934,23.70189259,23.4640253,20.05399146,11.80403532
1073,10.04700453,13.39000877,23.91032705,23.62205418,20.79486833,12.14113346
1074,10.92712832,13.87282341,23.25179669,23.34587523,20.97303058,11.72954023
1075,10.47762924,14.2724519,23.39734026,23.16097783,20.67549618,12.15758932
1076,10.22431981,13.98521866,23.08191096,23.20372384,20.78647896,11.73131726
1077,10.61862795,14.25300673,23.53487984,23.92929724,20.90196392,12.06074421
1078,10.29991619,14.50687022,23.32379438,23.53139484,20.5445235,11.78362406
1079,10.11739868,14.45201729,23.88549638,23.07138558,20.87397991,12.10086137
1080,10.12636127,14.69989701,23.2869418,23.31948229,20.03086625,11.53979428